0,South America,XSxKVCpmPB
1,Asia,bPfVRNOjiq
2,North America,csJBEJqaxq
3,Oceania,aNelZenbQf
4,Europe,vAlPRmFdlq
5,North America,WIyEPBDhZf
6,Africa,AkOfuKteJM
7,Europe,kQeqoJbNVP
8,South America,jyGTEebvoh
9,Asia,CCxTQKaikT
10,North America,yAQaKqweig
11,Europe,PGBHoGiCPF
12,Africa,frvUplNHAH
13,North America,qiJytFMwRs
14,Oceania,WcogYIAhzc
15,Oceania,KskxklnjUR
16,North America,bnBKQyzoKV
17,Africa,WrybCKlcXN
18,Europe,PpGHeHNEaZ
19,Oceania,OYjqshUqoH
20,North America,YgxOnvaGpu
21,Africa,MzoFPQdhmp
22,Oceania,QWwlgCAfDt
23,Europe,SgLPFhVHKm
24,Asia,xhprTjUjZs
25,Europe,qijhEqohIb
26,North America,WaTRxhhUkQ
27,Europe,uuYxFRFuun
28,Africa,dTxXhiiQzx
29,Europe,tlbLCWabOR
30,Oceania,saqWuguWaf
31,Africa,UjvPTUAGZe
32,North America,hHfZRuIlNX
33,Oceania,qQmuEAhCOD
34,Asia,wUIPURuvzp
35,South America,cNRgiHFNUX
36,Europe,YQXmGrUOjV
37,Europe,luRHgLGYrz
38,North America,WKYdPwVTXo
39,Africa,rvLGRbosSw
40,Oceania,GGiQYowNbO
41,North America,xVkeqrmqFf
42,Asia,JWHFiHTnsD
43,North America,shTFIhkMmz
44,Asia,BUiFlmzYfD
45,South America,YClkUBUGif
46,Asia,GdtyicKXGj
47,Africa,XdwUvqKIjh
48,South America,nbZpEtOKLa
49,Asia,qhDeHCCaJo
50,Europe,kOFLhlVIiJ
51,Oceania,RVzFfdzeZO
52,South America,EpNKFoUPps
53,Oceania,yFLIsnyYfd
54,South America,kwaTVpAbGb
55,Oceania,poglGeQbtI
56,Europe,AMxghraiGd
57,Africa,YSeIRZbYMv
58,Africa,uQwQGtYKVO
59,Africa,yMjXRXAodI
60,South America,HLWemNnAbl
61,Africa,dDwzDImZwe
62,Europe,iARhcsUPbB
63,South America,IOYcddikkR
64,North America,GgtukMiIxq
65,Asia,HWyXFxTkNR
66,South America,dvnaDxJivz
67,South America,ZhtRjNztIZ
68,Asia,qJblhZgMYP
69,North America,IJMgTeGbNw
70,North America,LLUSAsZjsy
71,North America,RcPsnGBMEJ
72,South America,MRyBGKPdFw
73,Africa,jzOHoCKUIh
74,Asia,oCqaqplznv
75,Oceania,uQKKOrUhgx
76,North America,NznaYVVoos
77,Africa,XXdtSSDIEq
78,Africa,jlIQDNkViS
79,Oceania,bFlFMWYBkT
80,North America,KWiQzvSPQM
81,Africa,VzIJLGdKvy
82,Asia,puWknFfSbq
83,Asia,lfrkINmqjc
84,Europe,LDzCQFUXTw
85,Europe,ySJWSRTBEN
86,Africa,KbMEpplHAO
87,Africa,ILXlDtKBrW
88,South America,hoeUtkEFne
89,Africa,OyJUbdVCoc
90,Europe,erLzwacWow
91,South America,GJaNzMglks
92,South America,uQgusrZseg
93,Oceania,VwCTetkNNg
94,Asia,QbFGmXvmyN
95,South America,ZrLnAHnjCT
96,North America,daFRBSyyEg
97,Europe,novPrENTeV
98,South America,bVWlaayEEe
99,Asia,jtwEabrwPV
100,Africa,gUmwadpuTL
101,South America,vPpvAbmnTC
102,Europe,tDFBPKOXcw
103,Oceania,ngGPBcsVCv
104,Europe,AuRZuShUMn
105,Europe,OOBdDFQzfe
106,Oceania,rwJaBMsDdQ
107,Europe,tLUgffnqBZ
108,Asia,NLZhaFSKFP
109,South America,eaguyqFExY
110,South America,IPqlRUVVfQ
111,Europe,iJDbJAjhdJ
112,Africa,YeDtHkNDqm
113,Africa,TECMTHnalH
114,Oceania,GLzyynbCFW
115,Asia,RrFguDEKzg
116,Oceania,hRTOGxZVDQ
117,South America,TugkByBYAg
118,Africa,bsWamcosRO
119,Africa,xbUpFCVEbQ
120,Europe,zXVVTRKbcG
121,Oceania,FeNptmZvLR
122,Asia,ssMUofiEPd
123,North America,oCcMmUgFJH
124,Africa,QXvhsVVOwu
125,Oceania,mRSRJARJzM
126,South America,oTIWYfdvSW
127,Europe,nlrbPLilnh
128,Africa,cMygCNZhoV
129,Asia,BoSOAtCQMe
130,North America,kThORVeizv
131,Europe,SvVHdMVMrf
132,South America,JEPiipsilY
133,Oceania,fAdgVWaCRG
134,Oceania,MDFaXJfHXQ
135,Asia,sZNMvqTjaP
136,Asia,djbckHBaQq
137,South America,ZVkOpkELsr
138,Asia,CuyrzHXCSD
139,Oceania,zjMIodnlvi
140,Asia,MJYpyFphrW
141,Europe,gjubtivqkn
142,Africa,txHhozHPdl
143,Europe,LOLfLGGUXv
144,Europe,LbahEOFjTf
145,South America,gtZiGpCqzT
146,North America,lpNgtVGGVu
147,South America,RiZJVqWIPN
148,South America,XIKcXletDg
149,Asia,KEnOHiIouN
150,Africa,RFvERGvQQt
151,Europe,YAlkDfyvzX
152,Africa,WzxfGsSRMp
153,South America,lcsZyDFbbF
154,Europe,phqEiLmQzZ
155,South America,bWyBEUyyTb
156,Asia,EpgHDNnuUM
157,Oceania,bepzennQdc
158,Oceania,vJCASvCCfg
159,Europe,SGKXTOnVHN
160,South America,XdUfRkgojC
161,Europe,tuBXeUruAA
162,Asia,TBZwCIoQXV
163,South America,cdSjDqviuN
164,Africa,fGXEUeXYEi
165,Africa,FVKGMRdCmD
166,Africa,zStNNrmdjm
167,Oceania,kkrsKhsunr
168,Oceania,pipYXbtgIo
169,Asia,eeypnIkUTc
170,South America,PqPfZIhzqT
171,Europe,IMZgQbkBkl
172,North America,dmrKUtnPGK
173,South America,wsfHUSzqBh
174,North America,RYBSAmjino
175,Oceania,geWjxPIoMz
176,Europe,kTkMZuzVNI
177,Asia,iqOnIBJnqx
178,South America,WQBXqMgfna
179,Europe,NHjyYlMNln
180,South America,ByIzYNcCyK
181,South America,gbeqjonswN
182,North America,pAeQkMVxLi
183,North America,xvtpUCRCzV
184,Africa,DaxcaqjjJm
185,Africa,tnGeWNHomP
186,South America,WunSBfwxBu
187,Asia,PWoNeQUqXC
188,Asia,VDnwBfpMVU
189,North America,lSRoPiHAeK
190,Africa,JtNwhablZB
191,South America,steQuPZBUy
192,Oceania,JfLdnLFRxy
193,Europe,MauddFyHjQ
194,Oceania,BbWHKATabb
195,Asia,VbMoIyVxOt
196,Africa,lnVLIzKhOw
197,Africa,wGxIrRphxo
198,Asia,dAMpJgBqUW
199,Oceania,gabifCCSfP
200,Africa,ByaunCMoWP
201,South America,FadTqpPBaK
202,Oceania,bceodkISec
203,Oceania,mLUgSyjjtV
204,Africa,layRnsLSpl
205,Africa,TKdIpmRMAk
206,Asia,vJTEwWcIUF
207,North America,MMPBwsMhJO
208,Africa,EUaBJKLOTo
209,Asia,jjeBCnPWZU
210,Africa,YPUrekkdjs
211,Africa,oFoPEAAhWy
212,Africa,doVvnkxBgC
213,Europe,NNVGwGXANg
214,South America,qVogXkrlWj
215,Oceania,BDJFuRRNRp
216,Europe,qyywyfgNjq
217,Oceania,JDvMpuHpsA
218,South America,hLRbjxxrrO
219,Asia,DptIYqLMLk
220,North America,LyxkRnspOk
221,Europe,aCBmRemIif
222,Asia,cvtiOEPRJs
223,South America,kcIrTSVSql
224,Africa,BVCtVbqZxl
225,North America,bQWkjAwcWt
226,Asia,zHWMEFEzVY
227,Asia,jSJlXAOZbc
228,Europe,YOYhFkFIXi
229,Oceania,rNKJPNOxnT
230,Asia,LdPLLplPrR
231,Africa,tsRyGLSOnp
232,Asia,fmxxyYurCA
233,Oceania,FReAkMPmST
234,South America,iPOMoQsRGb
235,South America,USJEqAiCGx
236,Africa,geVdGeDPSH
237,Oceania,hEslgnIUGG
238,South America,DMowrwnaVx
239,South America,VTfojTRKDH
240,Asia,qUDczBVEJi
241,Asia,RYSlSUfthQ
242,Africa,iOtmtgmoSF
243,North America,dUfMBVMsiB
244,Europe,JUlodhZXkN
245,Europe,ONlDfdFLYI
246,Oceania,VSOQNyUHAx
247,North America,ChvHvHxBdr
248,North America,wEDnVlRSZV
249,Asia,LsqHmRVFXt
250,Africa,IFmrVDFUJl
251,Europe,VOlOAUfyKk
252,Asia,BZTQRyxxxg
253,Europe,pKPyKaUnff
254,Asia,sCLmFmtoUl
255,North America,hqRObqEKOp
256,Asia,uBbNgXaxIU
257,North America,tPTZTfEFrH
258,South America,ldBvIcykcn
259,North America,akyboLjitB
260,North America,SXPGCLMZlO
261,Europe,fldgekMeRt
262,Oceania,tvTekjEkug
263,Asia,orqgfIpJGD
264,North America,gHGkKPOnKs
265,Africa,RvbFGgGKsb
266,Europe,FgdjGrHgVA
267,North America,hWuFTzVobK
268,Asia,hAylBHaWyc
269,South America,PqWVdbBmxC
270,Oceania,MTATycAFGa
271,Oceania,LlQztKxAPs
272,Africa,oCaENsvgOA
273,South America,UQdVBYkXFU
274,Asia,VZIkAxHRkt
275,South America,JiCCNFtPGc
276,North America,XpVBzgHChL
277,Asia,OszMypkwFh
278,South America,erEthifyBA
279,Asia,ytyVkpmWZO
280,Asia,tMjZueAcxF
281,Europe,kIovPGSQlE
282,Asia,oFmJQBMFRc
283,Africa,BCjIseghaO
284,South America,AsMUlbxOuD
285,Oceania,FANnIbrzWJ
286,Asia,eezAvGoYao
287,South America,rOuKTMNDAm
288,South America,TuXnBMgkpi
289,Asia,kSZxAsCNgS
290,Oceania,uYlosjwsvH
291,Africa,zoDlcRqENJ
292,Oceania,luzpiGrUMb
293,South America,AXXOyFyxfG
294,South America,sRXVNAxclv
295,Asia,lNamXYtoSx
296,Asia,PXdPvchVke
297,Europe,ehXrjcqrjg
298,Europe,ElegmatQPU
299,Africa,EVvBpLUXrz
300,North America,YADMRMIcUx
301,Oceania,wVXeUONDiE
302,North America,uauzgdTQXk
303,Asia,yHUlcJaODX
304,Africa,gLrtfoiyIz
305,Asia,xvluaGIfXU
306,South America,eXpFqsYSWB
307,Asia,jwwJbULpzM
308,Oceania,hbOfQqYicM
309,Africa,JhSNKtYaWy
310,North America,EQmnaFCjWh
311,South America,SgbgnwajFQ
312,Asia,kLMxvjBahG
313,Africa,tQkYTILFLW
314,Oceania,TWIeGoghRw
315,Africa,PeZgEkUBUW
316,Asia,COZpdkajZD
317,Africa,dNODYFyyqO
318,South America,trbVETASUo
319,Asia,QSwCiQGAtx
320,North America,IKLJwYNbKI
321,North America,UqYJnAnmwG
322,Oceania,ifxMIkLrhM
323,Europe,crygXskSZJ
324,Asia,ebcAcgrJOh
325,Europe,JwNCOUrAdU
326,Oceania,TIlUcCdjKz
327,Europe,yRVkLKGPBq
328,Africa,HDfQVxtsVa
329,Europe,BIhlKDHaFJ
330,Africa,tBEUxPpEHt
331,Europe,nbWzyVvVQg
332,Asia,wkysfweRMH
333,South America,chktisXUyv
334,North America,ZziTqcFQxW
335,Europe,AekrgDfUgk
336,Oceania,quxluylIrp
337,South America,IZAwVsdZFo
338,Europe,UJovYlpDco
339,Asia,KVCNJssnfm
340,Africa,ThDEStCyNr
341,South America,KryouuwqTv
342,Asia,WxdjueqhZg
343,Europe,kLBpMGkssb
344,South America,nsAHTwXNKJ
345,Asia,JMYjjNZaEg
346,Asia,aAdRoOorMw
347,South America,oTCLgOnnhj
348,Europe,WrZQwUmhIk
349,Africa,BWSrrMXflN
350,Africa,iuktMsgXys
351,Europe,BCeMKpjUJx
352,Europe,xlONhOLIQz
353,Asia,gzRzbtxtcc
354,Asia,IgOWtmQJmP
355,South America,VykGyphieQ
356,Oceania,yTJpFbKmzG
357,North America,drqdNfVeSZ
358,Africa,bcywPAuZVD
359,North America,TogyzhdLnO
360,Asia,xFHdiyppPj
361,North America,NesqdJRVIJ
362,Europe,gpYZmbbsfJ
363,North America,PuheZSVvsv
364,Asia,OwOWeuXoZs
365,Asia,USPfyxgzTb
366,North America,UsRIqAtLvk
367,Oceania,DAOpragnYe
368,Europe,ETaTPVenYO
369,Oceania,KmlzgwUCcd
370,Oceania,PeACgdyjws
371,North America,PCRyrEYuyd
372,Oceania,ZyXEXOVoBF
373,Asia,vZEufrVrko
374,Europe,QnOvDqtfdt
375,Africa,mocGzCBceY
376,Europe,SftfMGdzmR
377,Asia,IjtkvmiUxd
378,Asia,iBohbxUSjD
379,Asia,cauUmOwiNb
380,North America,jodErRNflF
381,South America,UURDdRKJsn
382,Europe,ijAqVRwNVb
383,Oceania,eZFDWYMJLe
384,South America,EidDrDNHpY
385,Europe,GnTzCtxQkz
386,Oceania,hnfhZZnUDc
387,Oceania,KiTqUpZVjD
388,Oceania,bymajKwqHw
389,Africa,VEiqpSzpzZ
390,Asia,aNzltZulmN
391,North America,gXoCCSceiQ
392,Europe,pwWtLQtbbU
393,Africa,ORkeskrzjV
394,Asia,RVJOCfESax
395,South America,eTWtnIWmPc
396,North America,TWZIGwgVBx
397,South America,PiRXajHgnD
398,Oceania,vWCNpZIZan
399,Africa,AaQvsScgKh
400,Europe,zxZOsZVETE
401,Oceania,LKvqAEPlsz
402,Europe,zIgbjyDpvd
403,Europe,eHQXejFnog
404,Europe,kWMUShbdfM
405,Europe,yYgoLBLvjH
406,Asia,duDxWhdVwx
407,South America,HGrwCMfcdL
408,Oceania,JlUTStAVjr
409,Oceania,TVdbLSwsBz
410,South America,EPtGdjlnUs
411,North America,lfKvjMFMxC
412,North America,pULXeUlCEK
413,South America,ckKtGQLByF
414,Africa,QqSPxaoFrO
415,Africa,OeZGWdCWGH
416,Africa,FvpcMXyPkI
417,Africa,kndRsYccmp
418,Asia,DhwTBFnnze
419,Asia,lcyhPhMasR
420,Asia,HHnZuhWrNl
421,Asia,FBWMsRpNOX
422,Africa,ZoHPoJJuuS
423,Europe,nIeNfTvRgA
424,Oceania,yfDPrYXWin
425,South America,xSHoclgjeQ
426,Oceania,gtqpXNiUWB
427,Africa,PvcQnxKVbh
428,Asia,TxZiwkcDpD
429,Oceania,MLPdZdjkOJ
430,Asia,xTsezpQCqy
431,Oceania,AXptskLIBj
432,South America,wwzfVEpmFv
433,Africa,lvyZqHmjKN
434,Asia,PXxKBrzXKB
435,North America,vmcUASOnlr
436,North America,WSCubKiyJt
437,Asia,dIKALRaJIr
438,Asia,euNzegjcaH
439,Oceania,lQKPnPlvTg
440,Oceania,HWwsmhYTsA
441,Asia,RfMAihmtLy
442,Asia,YWiFbpIIqj
443,Europe,OnRcMNytQe
444,Europe,uTSQOJKjMw
445,Europe,NmqlLJUYqK
446,South America,jetyVqhygT
447,North America,fUtiIkfeEr
448,Africa,TATZWEgTtb
449,Oceania,ewJufismNA
450,Oceania,hwznoXRmhI
451,South America,wOBEcrztCg
452,Oceania,DyeLBEgxep
453,Europe,bKMhRqerPj
454,North America,ZYVuBKrfQY
455,Asia,tMssszdGeg
456,North America,QtnTKFuqFR
457,Europe,JWzSSXaFCM
458,Europe,GpVquDTZMC
459,Asia,DlVbRzVVVp
460,Africa,tHqhQbkupm
461,Oceania,PyJbWomqBu
462,Africa,UgpZRvRBmB
463,Europe,JTjWWQhrLV
464,South America,wIEVcGeaiK
465,Africa,SsgFCqCHox
466,North America,TkYwwoRKMd
467,Europe,uZVBwRaCof
468,North America,mcgrNxhdIy
469,South America,GodrrwdDjt
470,South America,BemRvYeTUi
471,Asia,YqCsCuWcPM
472,Europe,cRBLnfrJzF
473,Africa,nziRljPJdv
474,Asia,dAkliERPrS
475,Asia,QlPQrHptvA
476,Oceania,oUaMNGyVqA
477,Europe,CXIFJIeEQp
478,North America,waDLokyDSb
479,Europe,mOfkYTiVlt
480,Oceania,qePJRHNYLB
481,South America,vzYwQUoKPA
482,Europe,NMrTaNtgtQ
483,Europe,TKxWkPiagu
484,North America,czFjFTmBXR
485,Oceania,plgnhdAeYb
486,South America,eMmMMdGayd
487,North America,sNzhILfqXV
488,South America,ahuemXNKTE
489,North America,fVhzhUDVUS
490,Oceania,meDtrfbzBE
491,Oceania,KCKKxGhTJB
492,Europe,HKkqpNUTaF
493,Asia,zWzTEJopTz
494,North America,aBzkBUnXWl
495,Asia,xcAPAUkxdY
496,Oceania,vjCNppQGEB
497,Africa,zYesprLnhr
498,Africa,ULjSpARnwE
499,Asia,PmiEOSWZtd
500,Europe,ZnBCQpiNyy
501,Asia,DaULiRdGTM
502,Oceania,UHZVZznwMC
503,South America,jWVyGzykTb
504,Europe,bAIxCtOvys
505,Europe,nbwBwqtQLO
506,North America,XFybRfSrvE
507,Europe,atxGeCZSzX
508,Oceania,aUFhzgSpSF
509,Africa,diJpcogyjp
510,Asia,wfBAitVZLt
511,North America,DmVbuZMUWZ
512,Europe,aJdqqsjYoG
513,Africa,UiiEoHOvsD
514,Asia,nEUyDMnfEt
515,North America,MwKtCBNZzS
516,Asia,qStTNWYlyC
517,Africa,NqDbeCygpy
518,Asia,iMLnZLFKWX
519,Oceania,aLQpKPDGgY
520,North America,HZYXLjondl
521,North America,uZLObMJeir
522,Europe,VKKzXxzBXM
523,Europe,UkfAtoUTit
524,Europe,DceKwDTnwt
525,North America,lsNVhgTqKf
526,Oceania,zFosrKGtxn
527,Africa,hzkaTHVqAN
528,North America,qVrucnVCzB
529,Asia,eAUhcaIKBp
530,Oceania,ofJLULnVfa
531,Asia,snAOcWPlbW
532,Oceania,dRrargfzvp
533,Asia,NNtpqLHHqZ
534,Oceania,kHGOuqyzji
535,North America,eHVHLmudZr
536,South America,teMINmkpHc
537,Oceania,XdVcpRQXGV
538,Asia,dORwtzEfSN
539,Oceania,aoVeHWVLpR
540,Oceania,gxkbEGeYLy
541,Oceania,tcEnxsCtRi
542,North America,hRlgwIRXkl
543,Europe,jymqXqtVMN
544,Africa,WEtHNvWaeC
545,Africa,XsEHsPvhUK
546,South America,vaXpQLjIPE
547,Oceania,fthPjqqKbu
548,Africa,FJNQjeJUno
549,North America,sfKBZXirQh
550,Oceania,UEQQOifsQj
551,North America,aNeOUEhXnO
552,Asia,OklEsvotYu
553,Oceania,emEesZTAFI
554,Africa,WpGPaARuLW
555,South America,ukqicOzFyo
556,North America,nMXTzGxUNY
557,Oceania,JMKqcmzIon
558,North America,ihNztTqYJK
559,South America,IwKsjPJRVS
560,Oceania,cLydJnzlGd
561,Asia,lIChqdzWSP
562,Oceania,InngbQJoOB
563,Oceania,wjgZLuqzEY
564,Africa,hmpbUzGuLP
565,North America,uIoBoOGuzE
566,Europe,sIwXejndrj
567,North America,MHrJgmREKK
568,North America,RJkLzPQSwU
569,Asia,kaDXBJxFJw
570,South America,bIqDOQQDFt
571,Europe,odzWYXgkoE
572,Europe,WQbvInjQmc
573,Europe,KgSHVmsjjn
574,Asia,hbUlrYjJOP
575,North America,TxglaASvyB
576,Asia,RFOtgQkMwO
577,Oceania,gKQdbVvclJ
578,North America,pMkBHgPGpu
579,Europe,XziZiFzsDB
580,North America,pHWPuxiBiW
581,South America,vNjiDriFAk
582,Africa,mCbCMJVIjB
583,South America,xVCmjCVFEz
584,Oceania,kFdTguSyQk
585,North America,jmWHAvLuZB
586,North America,WhcHcEwmnH
587,North America,tWpzhIFAnO
588,South America,jXlHIPfJtu
589,Europe,rvkQUzigdp
590,Oceania,WWenrMEJdf
591,Europe,INmchjYuHm
592,Africa,PgicCRfDJR
593,Europe,cgZfVaPqRp
594,Africa,HFMHFidJov
595,Oceania,hyHjCfflYj
596,South America,VlULUYnvbx
597,North America,tRAswqFdSf
598,Europe,HdfZUXFTki
599,Africa,GVtswYyYaV
600,Europe,kXwfRLnaWE
601,Africa,DRsetwsziU
602,Europe,uTQLKEMwKj
603,South America,DxIvlpGQkx
604,Asia,tryyeNLoGb
605,South America,YiWddgOwqJ
606,Africa,WAWvdrVNdb
607,Asia,biQgRmZDxa
608,North America,JPCDwnmxGX
609,South America,pffLaggVXB
610,South America,yLdULorxxk
611,North America,IrzvEpjubk
612,North America,gafEhYMCkr
613,Oceania,ZSwvHBmdxX
614,Oceania,ryEFmCDAqL
615,Asia,RUknkUObfB
616,Oceania,hEEBMmATJy
617,Oceania,chSHUnFvdO
618,Africa,ClnnXJGkGM
619,Asia,RzoEYmPrPH
620,Oceania,KwbMMwLIhE
621,North America,WSyeUSosxu
622,Oceania,jNflCdpQLc
623,South America,IOFjxWqMFA
624,Oceania,GCcKFtyywx
625,South America,NefGnondzk
626,Africa,bkPlHzGdNT
627,Africa,AMukLQLSuf
628,Asia,NEahybAdgm
629,Oceania,ncRjWpPrKv
630,Asia,UxVjypmrkT
631,Africa,ZvKuldVDLF
632,Asia,VkkbTPBymd
633,Europe,gFpwOGvTor
634,North America,IoZPBiYWGi
635,Oceania,dLAIROmGNP
636,Asia,bSUuVNuihj
637,South America,sgQUzBsixP
638,South America,pqpZDLVvQg
639,Asia,jTzLfUQuUI
640,Europe,oKHvFbDqcO
641,Asia,JpqmiNwpDR
642,Africa,gzTJvpwvuE
643,Europe,XBajmobEIa
644,Oceania,iOBQyrLnDv
645,Oceania,oATKaKwAHU
646,South America,YKsnMCmIRb
647,Europe,spDAQokQGM
648,Europe,aMGvNjoTXS
649,Oceania,rpIZPULCvW
650,Oceania,OOaDVOfwEh
651,North America,DEiNQXukkW
652,Europe,JEFgFQqKsS
653,North America,EBKBNUOhSW
654,Africa,roMpLQbCdp
655,South America,GTkZgWMzOi
656,Europe,vBWgfIhKbQ
657,Europe,tINcysJEtB
658,Africa,RtFFDpoLWW
659,North America,SZVkWfUYhM
660,Oceania,Ysnimbuswk
661,Oceania,GpgUCejzGV
662,Asia,UUkaViiLoG
663,Europe,mhqcowCaQD
664,North America,CAuEpXdlIA
665,Asia,WEFeiJqKyl
666,Africa,dnTaLBRVTC
667,Europe,gZPUaSRJxH
668,Oceania,lNaQajelnP
669,Asia,sBalECuXUT
670,South America,QWmYnQTxEB
671,Oceania,PKCrkxqbDv
672,Africa,ymGJmvuvCy
673,Oceania,qyjrJnqPya
674,Asia,JgvNBvphkC
675,North America,QgSkLBPgrd
676,North America,sXByCDLitu
677,Oceania,pIiQhREFko
678,Asia,GxhQAtRxcT
679,Europe,xWkCwdVqtb
680,Oceania,QMhBOMJTPV
681,Africa,LiUhzKnpfP
682,Oceania,omsItORkzp
683,South America,uJVYkrTlGE
684,Asia,eZVnAHzGkf
685,Africa,ZVmYbWGaKO
686,Oceania,eAwBNoNVxv
687,Oceania,mMutyavhgP
688,Europe,siLBCrgTTZ
689,North America,pFWgPSgJdV
690,Asia,roBXclFpoC
691,Europe,mcEjKKfLyk
692,Asia,gZgSYWUnXb
693,North America,tngnkKysOJ
694,Asia,azrxAIfzNN
695,Africa,gxdapamWXI
696,Oceania,sWjDFBxxsH
697,North America,uJpaLAGFUx
698,Africa,gSOunfdAby
699,Africa,zskofxQEVc
700,South America,ZgqFVBAblv
701,Europe,dXVYsCcWNk
702,North America,sDTbeibYfz
703,Oceania,PABJAUcOiy
704,Asia,SslcdusSxu
705,Europe,jvwudWXxEf
706,South America,KSbxzGDJwd
707,South America,xKsDcEQydn
708,North America,BjjvSQYesZ
709,South America,YdfkBZJRKE
710,North America,DiaGtQDwGg
711,Asia,gGtzjsXtwh
712,Asia,PXyQdWHQhL
713,South America,oUMPCXUOMi
714,North America,CREmNzYiso
715,North America,XLXCFrUtXG
716,North America,YUQWYoWUca
717,North America,RHnFsNmlZf
718,South America,KpSxWcavUr
719,South America,RctVlqQBdz
720,South America,OJQZXvcjQc
721,Africa,IAzTZqCzPS
722,Asia,MLcKWmHDfb
723,Europe,zBamTxLiJR
724,South America,VItdnIOuge
725,North America,QSzBfHdzat
726,Europe,mshFldsYdU
727,Europe,TIsojcoqul
728,Europe,aDbDaIMpmn
729,Africa,cWYjiCkGzx
730,North America,tRGhEHPmlu
731,Africa,fHJCOuBXjM
732,Asia,rENNwNdIWV
733,Oceania,jMErbYYgyZ
734,Asia,nAVzCXVNiY
735,North America,ClmDhiDPXc
736,Europe,EALNrPhFrk
737,Africa,gVyBQzQTgo
738,South America,yHoYKMjZpE
739,South America,nNmImwjXCO
740,Africa,TFJyExUfXs
741,Asia,EuaDRLyuoI
742,South America,hGGyjujeVW
743,South America,vkcALYXUsj
744,North America,LCsMsYhpdT
745,Asia,DIHMyHNIqQ
746,Europe,MdwCepcpqc
747,Europe,twQBaYUVAp
748,South America,soVuEoSxaY
749,Africa,BbUeaSvoEu
750,South America,ynDHyUPTWH
751,North America,fEYrisGDsk
752,Asia,NUlQpEKViU
753,Africa,hlSSyPaTov
754,Oceania,TnprIjEwkE
755,Europe,bsKuoOcUMQ
756,Oceania,vSnMYZFvRq
757,Africa,sIFzdMJtnC
758,Oceania,eCmKOMvMEy
759,Europe,cqEWJJwuyN
760,South America,KDEBPuwWdJ
761,Africa,oFdLIixlvG
762,North America,btWgxEnQqX
763,Europe,sCEkGMNuxl
764,Oceania,AOYlAOoJUw
765,Oceania,jnrWOhVFQO
766,Oceania,ZWMuJozhlC
767,Africa,dxJWHJNCpI
768,Africa,vcEexAUTbo
769,South America,KfakPLFQeL
770,South America,NXEGGhIWUa
771,Europe,hSRsnUnxFR
772,Europe,HpEgIVtqUD
773,Africa,mkWBNOBhcc
774,Oceania,XaOwxTxlGi
775,Oceania,rTBFiqOgYy
776,Europe,XaMgUQoALQ
777,South America,LOHcyccmPa
778,Oceania,tZkbrmWuYI
779,Africa,bQoEMvFVJr
780,Europe,xTCBvirdot
781,Oceania,XfcnUfjXhj
782,Africa,oghAeaqJnu
783,Oceania,giJqnOkZpt
784,Asia,LwFGhIdIfA
785,North America,moFIlJHUqy
786,South America,GaAzXRNfDp
787,North America,AQeETOcFYO
788,Europe,oOHausteiX
789,Asia,wYcdCiCOsE
790,Europe,fZFhHpZoiD
791,South America,uodAonXPVk
792,Africa,wJuHrbfkPt
793,Oceania,PUycOjbuDq
794,Asia,wUGwXSxjNT
795,Oceania,BQouFXBgOz
796,South America,zRnNKCytbj
797,Asia,KlKDfBlbgk
798,North America,RdVBUcpUQY
799,Oceania,TQcOydDPqJ
800,North America,vzNdHVxWKy
801,Oceania,uolzWCmljG
802,Asia,CVGypVqnjb
803,South America,YHxrLDptnN
804,Europe,GeOSBMHveB
805,Africa,oTtuXGrFbM
806,Africa,EQlXHVTwIG
807,Oceania,zcXwQVmmtJ
808,Oceania,GALNarcmiG
809,South America,dpPcSyyAnU
810,Oceania,QUmLpfctAn
811,Europe,nycpyuTtUV
812,Europe,WWLlyNQdkM
813,South America,wTJVQBNsHK
814,South America,woiZqCBuzl
815,Africa,TqeBhtBKOK
816,Africa,OILJdhqdAU
817,Europe,bsxIAGLAuQ
818,Asia,EDWVPllnYs
819,South America,hnicLaWyNU
820,South America,NyuRlTDqEF
821,Asia,dGlpnRRhth
822,Oceania,ukjjFxkxer
823,Oceania,HlOBnFKhQl
824,South America,LIWeYyapVI
825,North America,OUbzwGFGmn
826,Asia,jwxHcwbaru
827,Asia,mcOnJMFJnk
828,Oceania,VzJMoedufB
829,North America,xFXIVzAgqK
830,Europe,ZjgHmaNijM
831,South America,efpeRVDaLi
832,North America,PccVukTXbn
833,North America,isZAdRqBeP
834,Africa,fJungpGSmj
835,North America,gpwzGhpSzB
836,Africa,ecNWMvkhXY
837,Oceania,hlHayTxEjq
838,Europe,TnpXFDHSix
839,North America,HBBJMekKUd
840,Asia,MYiArsqIZO
841,Oceania,vSgcYAmTAy
842,Oceania,GlabfFwZuW
843,Oceania,kIAvSbDdGm
844,Oceania,WEvwvoMuHz
845,South America,dwmQxDrOue
846,Africa,QSfFLOOkNv
847,Africa,esAlDldEGB
848,Africa,dSSkiAmLEP
849,South America,tSRgVjGaGl
850,Oceania,rDKTWGuCKu
851,Asia,DPRvIZLmYc
852,North America,BdamIRyevx
853,Europe,VtnklUBVfC
854,South America,yqxytSbpiZ
855,Africa,CMkVAFukEW
856,Oceania,TztiDRHjHg
857,South America,WoWeYiqWaZ
858,North America,IcvQAgFrqW
859,South America,YafpZdMEPF
860,South America,uzACeuhOpg
861,South America,dinbNurgnj
862,Europe,TIWbCeTLNZ
863,Africa,BInNilJbfK
864,Europe,EwPnUGYnII
865,Oceania,PMcpVgYgsa
866,Oceania,TUomGBHdci
867,Oceania,tRDoJkReDD
868,South America,hWvjMWatPt
869,Asia,WgPFbZWzUQ
870,Asia,PvdBbinWqM
871,Europe,zjPdugkBve
872,Asia,XusGzkGHCI
873,North America,pCFfieftnV
874,Africa,rIWfSRGXxX
875,Asia,KpNwOUQZEw
876,Oceania,CynlcgovaE
877,Oceania,icPNwyCrZe
878,North America,zlWjjpLbkk
879,Oceania,UOXvzXxGgv
880,Europe,gwDtdxgjjT
881,South America,UvjminIKUF
882,South America,jbiSyXyHMP
883,North America,mDyimJvSRj
884,North America,IrqEAavEpx
885,North America,TusnlzJiNp
886,Europe,XOtzhjsLCZ
887,Europe,TYhsjtqOfn
888,Oceania,qkQQzdUdYd
889,Asia,oUMvVxRZRP
890,Asia,DFOMlxpTkC
891,Oceania,jwhuHuERmD
892,South America,IvXAHQNBAF
893,South America,vBCXefoppQ
894,North America,LbDQHEIhxQ
895,Africa,cEqdqYqijD
896,North America,FjFieCyojt
897,Europe,AXCksnLjmk
898,Asia,cxnakhjYkU
899,Europe,JJJPnLZTKo
900,Asia,AVrUrNZtZs
901,North America,uobjBXKrfO
902,Oceania,eGvAzGiIWx
903,Oceania,KhPNQRfzaW
904,Asia,NAEDsrlrvz
905,Europe,JpyfUxLqlT
906,South America,ZiJyHrMntl
907,Europe,zWWGwAEdQT
908,South America,QeEnGoPpns
909,Asia,zWbJskRiPo
910,South America,gwQmdObPPu
911,Oceania,ssqccUdJeC
912,Oceania,sgLIlUKNjK
913,South America,NoPmwUlnAr
914,Oceania,mOuHZYtQly
915,Asia,NavuWoeJgs
916,Africa,kKnLHgHZXh
917,Oceania,vODNzKKftH
918,North America,hrVzIMHjnW
919,Africa,rRziRrsLhO
920,Oceania,HWeVPkevIW
921,Asia,KPckWNVyhX
922,Africa,gMtJwkJtdy
923,South America,UEkKrLKvyb
924,Asia,gZasmbDGrO
925,South America,xuCGcJlXaN
926,Asia,pIDizRFxnn
927,Asia,NPzHXltivI
928,Oceania,jAZSiSqOTc
929,Oceania,yOoERJCZVh
930,Oceania,TrkGZoElcs
931,Asia,pmKCaJTnvw
932,Asia,VoZKhjbzVV
933,South America,ZYJDscLoFQ
934,North America,camMpGeWTt
935,Africa,gwfehBcxEJ
936,North America,tHtphBDOVV
937,South America,exZrgQNBFc
938,Oceania,ALvOIxFzDR
939,Asia,iZPnVsPoQl
940,Oceania,KnVCBjQjlb
941,Africa,yOhahHMXct
942,Asia,apXBbSpnQF
943,Asia,STDWJoLlwJ
944,Africa,mRCuQkvDNe
945,Asia,jAjRguCbyJ
946,Europe,ZmgDfHQYZD
947,Oceania,SFJJWyAwRj
948,Africa,EQTGNnKhFQ
949,Europe,QFaTWzhYuj
950,Oceania,ijixNqsnMc
951,Europe,UInlbYYEka
952,Europe,dKsDJKBPxE
953,South America,oXwakcwhUN
954,Europe,CDNjWTDnZU
955,Europe,eLTLcKAQSi
956,Asia,efVRlSHhCi
957,Africa,kRlYyoOENP
958,Africa,SgVitAPFQg
959,Asia,ctAYSQbRWI
960,South America,ETlKVUOOXw
961,Africa,NVKbzkTInq
962,North America,wXYcwcXNnb
963,Asia,lTIIwBoUjm
964,Oceania,UjAPgDvHrV
965,Asia,WHoUAuQJzw
966,South America,pGXCLjYSxa
967,South America,YqSYeGJzAf
968,South America,QoupfrNibn
969,Oceania,SmrhrhCAYd
970,Oceania,NJYlzMrFEw
971,Africa,AqGmbgXIEX
972,Oceania,nhsIGtkkUl
973,Asia,zQSBDHWQxV
974,North America,qTCdJcmHdF
975,Europe,XkSzjZZCmD
976,North America,QyTTRrfycR
977,Africa,swMeiSIWjS
978,Africa,PDGKgQeOxT
979,North America,bWCyRJCvCz
980,South America,SmvGvHuQsK
981,Asia,EPdkHuslwI
982,Asia,EWPmLijFtY
983,Oceania,jjrTCOjabL
984,Europe,viioHQTWNT
985,Europe,binflyyBwZ
986,Europe,hkNyBsTZNR
987,South America,YwGzaDwiPx
988,South America,QLblJodvYv
989,North America,VbVncVUCYV
990,Asia,rZQWWdVDbe
991,Oceania,vyiYIISBvj
992,Asia,NcJzxhZHoj
993,South America,MusdLOxSGh
994,Africa,BGuZhnIIWm
995,South America,WyoFSDWZPj
996,Europe,vVINjPKhXa
997,Europe,aQTcAlalZL
998,Asia,iehxVeniix
999,Asia,FIonIjyFsU
