0,HKRnZacRZC,Books
1,UwCXjYNzkP,Electronics
2,yVhjwepwyR,Home
3,rvJZhGImNs,Electronics
4,IBFxmxLxiB,Home
5,TDmtqmRQKA,Home
6,gIujOhdPtH,Clothing
7,ALJQmaFBLK,Books
8,zueqSbDNjo,Electronics
9,xUPQBQuUKs,Clothing
10,kPiNCViIXO,Books
11,qCPPfwjOKE,Clothing
12,YSmXBroFNk,Books
13,rVRvvbYtPF,Clothing
14,DsVNJhAikP,Clothing
15,gvUnNsTKWU,Home
16,OvUzRcSCHf,Home
17,mTQFNQYGJt,Books
18,tZrHHMkQIb,Electronics
19,hrFzwnliwR,Clothing
20,CFJROPIABH,Books
21,qkzcFmkNnz,Clothing
22,lmSyCEzPeV,Home
23,QvkvZEDuQo,Books
24,sYKLpwvudU,Electronics
25,NhdTjuCKPM,Home
26,QxFjUxOqLN,Electronics
27,gKmDbnMYus,Home
28,uzwQjtiaGS,Books
29,domGipXlET,Books
30,ivEeiDWxgG,Home
31,EzaYuaHmqv,Books
32,OSZqiKLVZu,Books
33,RqNofGPZWU,Home
34,YEUTemwaGm,Home
35,fTMhthVsQW,Books
36,cddwdnuUpC,Books
37,edgJyaVcXR,Books
38,XGZXRIkAnx,Electronics
39,eiHDvSjPku,Books
40,XMsquywfll,Home
41,DlcrQqAmmW,Home
42,ZELkBMYxmV,Books
43,gQPBrWXaxd,Home
44,lfeeTNXoEa,Home
45,FznqqDAbQO,Electronics
46,XISSxkkBig,Clothing
47,UCSkAlKOYT,Clothing
48,ndvtArfKPd,Books
49,WoeFfElSdU,Home
50,DXsZOeIynk,Home
51,DKOtBKEkZi,Clothing
52,KUDvfRBlxZ,Clothing
53,WesoBFUpni,Books
54,BSmHXQDFgm,Clothing
55,gEOShhEPUX,Books
56,RsznkYGEoV,Electronics
57,fADCuUyYAr,Electronics
58,sIobieXFMW,Electronics
59,zkMxViRNig,Home
60,lrQFeRicBC,Clothing
61,bSHZvVRRRZ,Clothing
62,zpdTdTTXfD,Books
63,qYGQDfCued,Electronics
64,yCZwlhvDQz,Books
65,bcBGIoSFSa,Books
66,fpvmzLRvFi,Clothing
67,mRRKqMkKwF,Books
68,TXQVPFpnve,Home
69,KIEoWICnEU,Home
70,YQsUzCEocD,Home
71,AqPKRsNkNO,Home
72,ygpdIHYbTN,Home
73,aEDFsMXFJP,Clothing
74,wvkfFfswAY,Electronics
75,rykbSYzUQp,Clothing
76,IjgRrEaVNR,Books
77,HeiliszbcD,Clothing
78,pgLHzeoGqy,Books
79,YXQuuEFPkP,Clothing
80,rYbCkBljvt,Electronics
81,OTERivkpiU,Clothing
82,ZRbkOOrMJq,Home
83,EnFTBssfEa,Clothing
84,GyDLSnYxbH,Home
85,XXmNIcyIsy,Books
86,tigqraPDzB,Home
87,fZlgHybRre,Home
88,rMiXpqudoY,Books
89,MZgfyOvWFM,Books
90,JheHtsPVaC,Electronics
91,HfpkEapwTg,Home
92,LOIsYHRYao,Books
93,UxLLqPVwUd,Home
94,ikEYbTRLik,Clothing
95,QNEkHrUVcP,Electronics
96,GbjKgMSbXO,Electronics
97,HgIJpHwNIK,Electronics
98,mVEsIDraiY,Home
99,yyyHQjaOOI,Books
